,vibe:KNEE:theta,vibe:HIP:pos-X,vibe:HIP:pos-Y,vibe:HIP:pos-Z,vibe:KNEE:pos-X,vibe:KNEE:pos-Y,vibe:KNEE:pos-Z,vibe:ANKLE:pos-X,vibe:ANKLE:pos-Y,vibe:ANKLE:pos-Z
0,94.30163697441752,9.012494,-143.71793,-37.325962,340.53995,-92.9787,-210.27988,350.98947,286.80664,-142.00516
1,99.39906862370057,9.033387,-144.51604,-34.429893,338.8204,-72.49113,-198.20474,367.77042,301.74957,-118.86067
2,99.81230872886468,11.576227,-144.01836,-34.252533,349.34805,-71.062454,-183.703,374.89178,305.5775,-107.45537
3,101.28596302342996,11.340762,-142.88202,-31.466362,350.79968,-61.411583,-170.53433,381.52307,310.9723,-80.61979
4,96.64505438808139,10.544032,-142.06749,-34.88069,348.1364,-83.99962,-201.96591,370.07776,298.41742,-127.72041
5,98.69157713890314,10.728304,-141.99254,-34.976482,348.36948,-70.48854,-192.89445,368.22034,310.2412,-119.096855
6,94.55982495523318,9.458243,-142.38116,-36.817005,344.09216,-96.2376,-213.96819,364.25974,286.98636,-142.85931
7,95.26730960984143,11.44586,-141.75471,-35.904503,353.5627,-87.19205,-194.75949,368.5736,294.65115,-117.16245
8,95.16008247006141,11.049558,-142.282,-35.0957,350.1626,-96.94829,-201.4091,373.50766,284.96436,-129.78703
9,96.01082351232151,11.086319,-142.08429,-37.576622,348.3407,-93.088554,-208.83856,373.74203,290.35504,-140.15742
10,97.02548909466194,10.224603,-142.32104,-36.402954,346.57788,-90.333206,-208.22083,376.48126,292.6699,-139.70428
11,98.93938323218038,11.631146,-142.58533,-35.2593,353.46536,-81.8238,-189.64377,385.87277,298.73743,-116.811516
12,99.78218076443575,10.799787,-141.83336,-34.96512,350.98175,-82.59,-195.4754,390.92087,299.12946,-127.075195
13,97.0589092102708,11.3470335,-141.57567,-35.433605,353.67508,-87.24372,-194.88507,380.77695,295.37592,-121.178154
14,97.4396034640398,12.248858,-141.5937,-36.068573,355.54666,-84.55592,-192.83354,377.29953,300.19073,-128.38368
15,95.49033577680986,11.913656,-141.43658,-36.791214,354.47815,-96.41683,-202.78123,380.10712,289.0418,-132.11473
16,99.10328728169317,10.360826,-141.88078,-38.405693,347.04703,-86.57926,-209.53929,383.3074,298.08044,-151.76123
17,98.01247875048546,8.328929,-141.03394,-37.828,339.898,-76.04706,-218.3833,366.3626,308.78125,-147.27727
18,99.97363096687121,8.454016,-141.22253,-36.541378,342.52,-70.62446,-205.50534,373.87787,311.293,-136.01244
19,97.55655679319793,10.086627,-140.13118,-37.906273,349.4409,-81.60859,-208.56676,376.41367,304.66122,-138.9833
20,95.81844440415894,12.131223,-141.49448,-37.81417,357.18472,-86.64095,-191.65448,368.9585,298.02817,-126.29034
21,95.99932830394839,10.066989,-141.61545,-36.489754,346.562,-77.656525,-202.90294,364.2808,301.56808,-114.54799
22,95.84605202878413,10.050504,-141.9497,-36.277584,345.769,-72.62329,-199.98903,357.35226,304.9313,-108.228485
23,97.6304047985041,9.4671955,-140.06041,-30.482061,348.89777,-50.329975,-169.96585,353.80054,319.35562,-59.034004
24,98.81958854432752,8.030331,-141.44725,-32.350662,344.62598,-59.757084,-187.02417,363.54413,316.38626,-93.14699
25,97.46068825800764,9.277972,-138.6255,-30.454699,353.4698,-60.97165,-174.67651,367.76782,314.83588,-71.994934
26,96.31614662859943,7.659929,-139.72473,-31.00312,347.58466,-63.859978,-185.37534,359.54233,311.19302,-80.5099
27,98.93676043953909,4.939089,-137.48457,-21.842443,341.317,-41.373035,-164.32872,361.89835,320.85413,-30.644222
28,99.57808105165743,7.1470814,-137.95197,-21.86591,348.92657,-43.513054,-155.95691,370.0578,322.21417,-27.18456
29,97.34169953247684,7.538732,-136.15916,-19.512493,353.12076,-56.93434,-152.6935,377.2269,305.2519,-15.681654
30,99.01743180382611,1.842903,-134.95357,-18.959927,337.08597,-38.288773,-174.68526,365.22543,327.83112,-37.573048
31,101.01767319283185,3.003412,-134.3798,-20.997911,340.90173,-31.397633,-170.27454,370.00687,339.50894,-41.764782
32,100.11076750502673,1.270676,-134.91702,-23.218027,337.10886,-50.18618,-189.17522,381.74963,322.50595,-68.71449
33,97.35219070304198,0.949529,-135.03105,-25.761644,333.21838,-56.199318,-200.5816,361.5608,319.9203,-87.67551
34,96.99357845085963,-4.458056,-138.1144,-24.540796,311.73196,-61.067635,-223.21101,351.2286,311.0193,-107.569145
35,98.15840574210277,-5.608211,-138.96536,-25.948338,305.85657,-49.73163,-225.31609,341.17584,321.5338,-109.69458
36,99.26369427435091,-7.2185683,-140.65814,-23.386776,297.02203,-65.3934,-236.98383,360.57278,303.19495,-127.94898
37,96.56164411793719,-6.6619906,-140.17377,-28.703955,299.92255,-62.385628,-249.48993,333.54266,319.87552,-147.401
38,98.59245060347874,-5.711555,-142.54668,-32.90107,308.3972,-81.59725,-248.03409,359.31705,304.6417,-170.6188
39,102.93623917974259,-12.423378,-141.44806,-31.559523,276.09546,-66.34422,-275.31815,356.17233,315.25098,-203.20335
40,95.09768186180418,-8.39519,-139.59729,-23.792877,306.20038,-66.6259,-233.70418,338.4462,311.50598,-118.586044
41,97.5168392431743,-11.173393,-139.63132,-22.221647,303.9325,-50.78601,-220.9989,346.75522,317.33377,-87.84309
42,97.47890437252406,-12.387115,-141.89178,-21.285475,302.25723,-52.088127,-217.01225,336.68774,317.70465,-91.40311
43,101.54635715534752,-15.74598,-142.25473,-20.641651,287.8262,-40.99963,-228.41788,343.90085,329.03802,-110.40277
44,102.21424720333721,-18.348995,-142.55396,-23.244152,269.27014,-40.468773,-253.80609,333.5639,332.5168,-146.5326
45,106.93595014637786,-18.07293,-142.6902,-22.611223,273.15524,-39.237038,-248.3423,365.27414,331.6553,-153.93263
46,105.69464522699808,-19.745544,-143.66325,-21.313604,268.4625,-45.319004,-249.6289,359.54095,322.6285,-152.6126
47,112.7249589396922,-24.586704,-146.3538,-18.576105,254.88219,-24.545431,-241.41371,368.16144,336.5762,-155.94823
48,111.96608394176877,-23.676247,-148.04794,-18.857906,270.43936,-35.25167,-225.18982,379.37552,325.62006,-136.92403
49,114.96354660997471,-26.834417,-147.85036,-20.55853,253.75888,-19.317717,-238.12517,368.402,343.65033,-160.41023
50,112.27043034099538,-25.39078,-149.67236,-24.346209,268.6279,-60.04052,-243.08286,389.1841,304.521,-185.44243
51,115.03050295440835,-29.763569,-151.9229,-18.825438,255.32494,-32.72339,-232.78964,370.73013,329.93076,-164.37318
52,116.51661551401972,-32.07548,-153.45045,-17.967957,247.27988,-24.905815,-229.13353,361.22128,334.823,-161.73279
53,115.24568123402044,-34.389946,-155.19182,-14.697284,229.03096,-20.23536,-233.70981,336.46738,334.05017,-157.23514
54,118.28567549018805,-34.376564,-156.93936,-18.67644,246.66023,-30.226677,-218.81366,362.7749,323.74365,-159.88007
55,115.72952500463497,-34.42647,-151.80147,-13.606605,256.05844,-10.405824,-194.24318,352.92422,344.42325,-98.76035
56,105.60775156037718,-38.80685,-156.05411,-18.966171,225.71332,-24.362907,-233.46448,268.02618,333.74405,-132.88138
57,111.20917603832629,-37.17205,-157.55382,-24.113302,223.0257,-66.63961,-267.68997,311.50317,299.94757,-242.81953
58,111.1263599946399,-35.783306,-160.67162,-22.682175,249.9434,-68.68074,-234.82361,336.2689,296.84277,-195.85811
59,112.32410196749333,-38.775623,-158.8737,-23.95706,239.23996,-65.97994,-250.06831,326.5899,303.56573,-227.41927
60,112.4011396711419,-42.78301,-161.76678,-23.427338,223.50949,-41.02391,-248.26877,281.4333,331.72955,-216.17142
61,108.76227442854757,-41.270676,-160.14874,-14.858332,235.50725,-35.785244,-212.92989,289.01483,322.60287,-131.65775
62,105.31805591692026,-38.84872,-156.53389,-13.635225,256.79395,-27.713924,-183.9634,283.64615,329.77365,-78.38205
63,112.38470623599885,-41.022682,-159.11705,-13.04434,244.96686,-14.593169,-183.9893,295.14273,344.02936,-97.980774
64,105.17344715181275,-44.200897,-162.33838,-16.477108,221.69144,-25.303156,-221.41866,222.9777,339.2401,-148.18808
65,111.27475951473676,-45.732327,-161.70245,-13.793642,215.29532,-5.5984855,-209.24213,237.85254,357.21924,-137.9614
66,111.52526353273615,-46.836536,-160.61826,-14.7968025,198.84087,17.816126,-218.74243,201.42651,384.67325,-141.38493
67,108.19240442533673,-42.978497,-157.83054,-16.489866,221.59763,20.982384,-199.80524,203.7227,386.15735,-106.089035
68,114.23057168938396,-45.180332,-156.74251,-16.189535,213.4807,23.542107,-207.2577,235.10426,392.48694,-129.01326
69,116.5926286892928,-42.791157,-154.9071,-16.766739,218.58415,41.66828,-193.63315,237.05945,413.80173,-111.722626
70,118.20964182434747,-41.255127,-153.4148,-18.566065,219.16803,56.86699,-187.5344,224.48505,434.3625,-113.16797
71,122.6134472728482,-38.680244,-149.43076,-21.807983,218.78162,78.626755,-180.87291,223.58195,463.18073,-121.42286
72,127.89881157714416,-39.643257,-150.10953,-17.31307,207.07063,94.51183,-169.87125,233.9035,478.6928,-106.71252
73,126.25834015738508,-37.45709,-147.03004,-16.716757,208.38824,99.34908,-172.19742,235.7217,482.279,-91.131775
74,131.15380994310001,-36.220272,-147.20804,-18.553453,195.44952,124.20101,-155.17426,212.86232,510.41745,-82.43685
75,126.96951311414514,-31.582813,-146.24654,-22.704903,214.24294,120.04952,-145.40828,205.986,505.64526,-64.232956
76,135.00875163518228,-37.494106,-145.98987,-19.50669,171.62451,147.32341,-150.37779,185.46457,534.4833,-77.12732
77,135.69951257160778,-38.867428,-146.46977,-19.927044,169.57259,149.20447,-149.15213,185.67204,537.33295,-76.081215
78,138.7183434866321,-38.34041,-146.03766,-19.141178,151.59102,166.09998,-142.06982,162.65741,555.95874,-69.81728
79,137.45210154659262,-38.378677,-144.5192,-18.935959,152.07495,169.80115,-143.71451,155.9632,561.6284,-66.12344
80,138.36609355566162,-37.622047,-143.59871,-18.710814,148.16331,177.5692,-137.64868,147.56244,570.7718,-58.745228
81,139.29862611323261,-36.72225,-140.77681,-17.265957,153.48499,181.03491,-130.52866,161.14194,574.5266,-49.958176
82,140.66548698503016,-37.868603,-142.24655,-15.704399,143.87659,183.50397,-125.88995,156.00395,574.2745,-42.224766
83,142.3870805615615,-35.821735,-142.29358,-14.134665,145.99559,184.13748,-107.18973,175.63266,565.71924,-7.307209
84,146.01682067142468,-35.841618,-141.50366,-13.294879,129.9131,197.32338,-92.091354,161.62994,578.5263,9.202496
85,143.10376889607633,-34.470898,-140.40002,-16.231407,132.10658,196.43494,-105.01378,146.05124,579.43604,-4.1414723
86,144.3066266806181,-32.039787,-138.721,-17.438295,137.86519,199.29262,-101.11507,157.39369,584.29944,-2.5593266
87,145.01066208969553,-32.186485,-139.96243,-14.811477,126.30278,202.26715,-84.82253,145.16956,578.6861,29.73096
88,144.9001735345868,-30.405504,-142.72981,-15.469981,121.35458,199.08401,-77.39464,133.73396,568.611,43.852703
89,149.20116756060594,-31.633474,-143.4081,-16.79037,104.43073,206.55457,-78.39639,117.145775,583.84656,21.38006
90,150.6138248507884,-30.322454,-143.63802,-19.591848,88.4093,211.26608,-85.78386,93.13892,590.42145,5.0111713
91,152.23019765560838,-29.540491,-143.19472,-19.353657,83.756165,215.90097,-76.20676,93.25787,594.76355,19.321404
92,151.69714920221307,-26.788305,-143.82175,-19.855963,88.20201,213.87769,-69.82047,91.94896,589.85236,30.771278
93,156.5185319260009,-26.346724,-141.84341,-20.548882,74.2487,222.02551,-59.892788,86.93428,600.86035,29.7282
94,154.83068972925318,-23.643856,-139.82657,-26.333761,76.45344,223.80421,-80.34546,78.35738,606.18665,1.2702122
95,156.58428103449873,-20.461868,-140.08838,-27.938828,84.88776,222.70224,-78.9284,98.27194,606.3712,-4.385963
96,156.9933171582287,-20.624348,-137.27907,-26.824741,74.332886,229.67542,-71.83125,79.72321,612.97235,7.998351
97,156.69385946690053,-18.029182,-138.46692,-28.311165,84.85624,227.10242,-73.57207,91.85161,611.977,3.8143284
98,160.95873032994675,-19.405249,-136.16164,-27.204224,63.382954,236.10492,-62.79438,80.84365,621.6471,11.763778
99,160.51163639216148,-17.092901,-136.88808,-27.429113,66.49136,235.0555,-61.707108,78.283134,620.56915,13.561383
100,164.20588251609357,-17.934797,-135.69582,-25.485909,50.368656,239.70685,-45.796703,71.907364,623.856,29.533842
101,162.67375326449653,-17.2829,-135.02795,-28.933247,51.30691,241.29195,-61.514572,61.770977,629.23706,7.5153446
102,164.6852371448761,-14.94856,-135.02771,-30.142979,44.643692,242.80763,-56.611008,55.89449,630.74817,8.457512
103,163.74548849244698,-11.740618,-137.72633,-30.437965,57.592743,237.2814,-57.051353,67.91559,624.0553,8.391697
104,165.77574002511847,-12.660258,-136.44797,-30.818586,38.617252,242.13503,-51.357037,45.81022,629.2701,13.507366
105,165.65144936524445,-11.174383,-138.18431,-30.632612,46.993248,238.67274,-51.32618,57.724823,625.1346,12.183152
106,167.60953311914557,-13.0154085,-138.05092,-30.93831,29.53701,241.22173,-48.289486,40.628784,628.2195,11.942551
107,166.4867499111121,-8.186327,-140.24402,-30.97565,37.703194,236.464,-46.59199,39.68933,620.5737,17.14654
108,166.7471833166174,-8.6405525,-140.31598,-32.95683,31.782974,237.30707,-51.6382,29.039656,622.5129,7.54318
109,167.0970008464697,-9.483477,-140.95712,-30.529253,24.69325,236.33823,-38.168484,19.750463,618.1903,31.409204
110,167.28269490698213,-7.853121,-142.29271,-31.746403,27.589964,233.72685,-42.41467,21.421513,615.34595,21.02409
111,166.81309891097624,-8.75729,-142.68347,-31.884212,31.661808,233.03268,-44.902943,27.381628,615.10815,18.01857
112,166.91220751715406,-9.766122,-142.19135,-31.174353,26.051489,233.98622,-41.63098,21.23524,615.18585,25.420916
113,166.15310968430896,-10.310149,-142.76454,-30.668959,26.113607,231.69084,-38.089058,16.594414,609.8088,34.343243
114,167.02966713408443,-9.771191,-142.0432,-30.449665,27.499086,232.54755,-35.538677,26.427507,610.9534,36.78973
115,166.9447021421304,-9.737307,-142.11789,-30.69588,24.896334,232.30534,-35.41357,18.348312,610.2164,36.326725
116,167.35600076602293,-9.187101,-141.9154,-31.924047,23.662262,233.81044,-39.11978,18.120691,613.8162,28.850348
117,167.14316182620158,-8.799854,-142.10388,-30.109226,25.42666,233.36281,-30.167574,20.760353,611.58813,46.28513
118,167.18263348941508,-6.669346,-140.20912,-33.046562,33.609787,236.5895,-42.288113,30.634224,619.0375,22.660967
119,167.6842255065879,-9.090437,-141.02858,-30.950296,24.01559,235.39812,-33.33793,23.96885,615.0935,39.721535
120,168.1732994945594,-9.283159,-140.53929,-31.978655,18.160143,236.81546,-37.19408,14.374729,618.18945,30.47129
121,168.2892504934568,-12.111631,-141.29814,-30.148975,15.711237,235.30757,-30.70529,17.739964,614.7766,42.77957
122,168.31497042455013,-11.73484,-139.80374,-30.693048,11.705934,238.34334,-30.485575,5.339511,619.3254,42.369858
123,167.93769894932896,-10.833364,-141.44527,-29.13601,16.365677,233.46649,-20.909845,11.832937,609.1144,61.139618
124,168.61877467751137,-12.129812,-138.9929,-29.836744,6.1929674,239.19905,-23.72231,-2.455391,618.8377,53.964214
125,167.6771186947565,-11.812645,-141.01317,-29.392956,9.051351,233.80829,-21.042093,-5.347889,608.5955,61.286854
126,168.38508829279584,-11.744701,-139.15854,-30.092915,6.7633204,237.99324,-24.538763,-4.4447536,616.36975,52.901783
127,167.58107684351603,-13.69789,-140.9434,-29.260199,5.229214,234.06183,-21.334267,-10.621121,608.77563,61.51619
128,166.94801393010422,-15.892135,-141.66353,-29.747505,-2.4444807,231.47597,-38.941727,-24.326824,606.29553,30.521713
129,167.22577808685477,-16.13106,-142.25758,-29.43006,-2.362539,230.70424,-34.597343,-21.395046,604.8469,37.970684
130,167.82579312996745,-15.303111,-141.18115,-29.844135,-1.3012383,232.63957,-34.837975,-16.484478,608.3578,35.347282
131,167.74034063326144,-12.937995,-141.45038,-29.926102,3.7547872,232.23767,-28.402298,-12.637118,606.6164,47.250004
132,168.3180064436362,-11.9243965,-141.19139,-30.791296,2.6530726,233.37842,-30.261286,-12.357567,609.4465,41.990486
133,168.0471083345488,-10.776713,-141.0726,-30.93001,7.840965,234.20067,-26.53667,-8.599222,610.3418,49.24846
134,168.6252488430709,-10.367821,-141.17282,-31.819586,5.6778016,235.05307,-34.513935,-4.9127827,613.933,33.887558
135,168.85706546350113,-9.185356,-141.10696,-31.383314,7.390215,235.46628,-31.766356,-0.95721895,614.54224,38.035034
136,168.42636227217656,-8.924142,-141.13834,-32.182106,10.621171,235.783,-34.166813,-0.661673,615.40936,34.845383
137,168.2402037588006,-8.028809,-141.66397,-31.86312,16.028107,235.53622,-37.069542,7.6358633,616.5562,29.489958
138,168.26212525094175,-9.333628,-141.16243,-32.16193,11.559157,236.42325,-37.018032,-0.04613027,617.4443,29.756327
139,168.42838827703912,-8.894049,-140.61552,-31.549551,11.382339,237.4778,-33.41394,0.36039203,618.5508,35.80822
140,167.84357125860336,-7.886615,-139.39064,-31.17028,18.072868,239.11159,-29.334255,5.6452303,619.8409,44.603756
141,168.1551841253332,-6.2692404,-140.3252,-31.89512,18.679174,237.85973,-34.771328,7.2762966,619.4729,33.078396
142,168.2076237564596,-8.358757,-141.0487,-32.559254,13.831214,237.23187,-40.774544,2.7261338,619.802,22.847534
143,168.2493562122884,-6.339552,-141.48024,-31.13646,18.806017,235.15517,-32.93883,9.976729,615.04767,36.12556
144,168.66012378897298,-8.746909,-141.10707,-31.395033,7.0768485,238.06189,-36.383003,-4.0157924,620.8391,30.079918
145,168.60168895930258,-8.740366,-141.03842,-31.333279,10.106366,237.86716,-37.36368,1.3419409,620.7137,28.156042
146,168.44164140534988,-10.925491,-142.32372,-29.964163,0.48916695,235.15265,-30.743149,-12.778157,614.78033,41.911842
147,168.16577006477308,-9.6094,-143.77061,-29.091398,5.7895546,231.41644,-27.52553,-7.739797,608.2535,47.369297
148,168.63401453709696,-11.215819,-142.7608,-29.396652,-1.2601279,233.47223,-27.154243,-14.601504,611.3537,47.37408
149,167.74539155815265,-9.429491,-143.2744,-29.774992,8.915346,231.68098,-28.95014,-8.163484,608.26373,45.313328
150,168.86891157284285,-10.707205,-142.82867,-30.060417,-2.861945,233.89467,-30.97418,-15.176806,613.1285,39.830452
151,167.69551751683323,-9.946024,-143.58687,-30.259485,9.9065895,230.97745,-31.212084,-5.3276105,607.56335,41.709526
152,168.78760158586843,-11.83995,-142.62512,-29.464514,-4.8261433,235.26979,-30.633465,-19.047989,615.6837,40.422703
153,168.77573583973285,-10.245964,-143.05121,-28.746447,1.3735816,233.16266,-26.340733,-9.751105,611.3408,47.564865
154,168.88034530951347,-10.934679,-142.36234,-28.146746,-2.6363423,235.12793,-23.676756,-13.56179,614.2013,52.89915
155,167.82958303118318,-9.040993,-143.14493,-29.520313,6.778773,233.1315,-30.029387,-9.2229395,611.3218,44.27908
156,168.69604546136537,-8.816596,-142.50809,-28.734074,4.0030556,234.166,-25.201544,-7.007584,612.58716,50.13936
157,167.52881308976072,-8.229407,-143.01422,-28.546835,13.149893,232.40985,-25.324537,-1.4144834,609.1115,52.857376
158,168.0144540539006,-6.3149095,-142.64363,-28.964535,12.580639,233.70862,-24.815882,-2.4448466,611.5635,51.915207
159,167.41080193505488,-8.398103,-142.76588,-28.931581,11.948084,233.08911,-25.078423,-4.853137,609.8513,54.10146
160,167.56184473836055,-4.7533216,-142.09863,-30.198215,19.888744,234.24008,-29.364176,3.149269,612.9643,43.549553
161,167.2674857832478,-7.7409167,-142.52133,-28.86495,14.030611,232.18147,-23.23824,-3.7755723,607.31274,57.219227
162,167.63931530524778,-7.797489,-142.29616,-29.634552,11.630787,233.73984,-28.85121,-4.910078,611.4481,46.16998
163,167.48342733649963,-9.604206,-143.17888,-28.748251,7.4370737,231.73087,-23.515095,-11.174491,606.7875,56.925358
164,167.4533659664151,-8.208761,-142.817,-30.473585,12.090614,232.96678,-32.685703,-6.152097,610.92426,39.34317
165,167.33682500992813,-10.014861,-142.94472,-29.320364,8.178849,232.82913,-27.037165,-10.230567,609.37524,51.305145
166,167.9566057667252,-8.979617,-142.0845,-29.967464,9.970676,235.61996,-28.996408,-4.1316876,615.37506,45.687756
167,167.49047353040214,-10.026873,-142.76923,-28.97315,9.300265,233.92418,-25.225441,-6.5611024,611.44824,54.39772
168,168.32023308530563,-12.047668,-141.74985,-28.550808,2.122716,235.91646,-23.610611,-10.120662,614.6672,55.09462
169,167.8915217478978,-10.450855,-142.36145,-28.041107,8.612305,235.2544,-21.723356,-3.6839824,613.67755,59.523357
170,168.02914835212624,-14.417256,-141.85019,-28.048107,0.7579457,236.66194,-22.319094,-8.459629,615.75183,60.115257
171,168.5188848684472,-13.675035,-142.59854,-26.734716,0.36442,234.33665,-15.2032385,-5.414024,611.0604,70.65947
172,168.227208470131,-15.356148,-141.8085,-28.349863,-1.4263726,236.85025,-22.710497,-10.236615,616.2019,58.782658
173,168.50837235354092,-13.266927,-142.79091,-27.261526,-0.48434642,233.78445,-16.329906,-8.314813,610.1149,68.67519
174,168.26808544476623,-13.4065895,-142.05473,-28.416336,1.829939,236.20453,-23.553162,-6.7108703,615.5846,56.497948
175,168.55519500784865,-12.29856,-143.0797,-28.911293,-2.8698695,233.77245,-23.414225,-14.654621,611.3929,55.68478
176,168.20065781727985,-13.241529,-141.90569,-28.528828,1.4585489,236.03105,-22.684877,-9.499966,614.69006,58.093395
177,168.24489695253402,-12.784601,-142.97392,-28.619284,-1.9792551,234.07883,-21.466597,-13.977921,611.1835,60.993824
178,167.90010473436357,-13.640757,-142.49661,-29.910116,0.24927594,235.20352,-29.69549,-13.29799,614.323,46.84967
179,168.2765873227356,-14.317258,-142.0584,-28.068062,-1.8481491,236.1983,-22.46687,-11.032363,615.14685,58.878284
180,167.9618445218186,-12.702544,-142.41608,-29.516047,2.581194,235.424,-28.679287,-10.0245285,614.8206,47.94462
181,168.17791584866467,-12.982545,-142.73169,-29.541512,-0.1071319,234.74722,-30.079937,-12.282802,614.14777,44.558247
182,168.13767664294318,-11.648619,-142.29102,-30.026167,5.338952,234.94035,-28.481764,-5.2994194,613.80994,47.55482
183,168.30854833918303,-12.72396,-141.85411,-30.008379,1.4290531,237.25862,-31.553362,-7.829545,618.70764,42.059162
184,167.71185789064884,-12.6508045,-142.21759,-29.274391,5.922761,235.73564,-26.80148,-3.922781,614.8033,53.08798
185,168.1658699562897,-10.613462,-142.54173,-29.590437,5.4806695,235.14687,-28.351755,-4.933799,614.56793,47.703022
186,167.8359999939084,-9.640105,-142.07658,-31.256441,11.283132,235.93178,-34.77343,-0.29426998,616.7488,36.58818
187,168.3613474090145,-10.30927,-142.21767,-30.45288,4.1635466,236.17303,-31.959507,-5.648356,616.8925,40.86373
188,168.0456406976509,-8.327752,-141.50632,-31.736198,12.973193,237.05855,-37.476784,2.1022706,619.2317,30.414013
189,167.95182719562712,-9.50939,-141.02087,-30.328217,11.046871,236.68098,-29.7086,0.2451092,616.3841,45.377357
190,168.48323469607433,-10.062329,-141.38641,-31.787231,8.275181,237.88693,-38.54357,-0.394769,621.14655,27.42095
191,168.02475312539536,-11.506081,-141.9601,-30.554003,4.4194117,236.15123,-33.10179,-7.27484,616.59155,39.83657
192,166.54010991022918,-14.862472,-145.88203,-31.102095,-0.93502367,227.27312,-52.790062,-21.824188,604.87573,7.4740944
193,166.8417378941661,-14.917429,-144.49939,-29.990993,-3.587649,228.89027,-42.9758,-24.076914,604.79584,25.077078
194,167.52327892898572,-13.20952,-143.96674,-31.09117,-0.29566884,230.77203,-44.00544,-16.88655,608.9778,20.547464
195,168.02027679016805,-13.217676,-143.5348,-29.817114,-0.74819756,231.84706,-35.104183,-12.216289,609.57465,35.703915
196,168.04326720691432,-12.176719,-143.40752,-30.715239,3.5949852,232.45914,-37.91011,-6.7535934,611.4159,30.235285
197,168.66531814783676,-12.454579,-143.28207,-28.980341,-1.9084616,232.41414,-27.760971,-9.897774,609.86115,46.778084
198,168.46100243032595,-11.719218,-143.40034,-30.22746,0.06458722,233.24982,-32.592705,-10.5941925,612.3199,38.87117
199,168.67538328535244,-13.9460335,-143.4672,-29.58123,-7.2686048,232.80696,-31.158484,-18.308899,611.2328,40.818985
200,168.54401313440368,-12.6897745,-143.43231,-31.245993,-3.7033455,233.72101,-36.910873,-16.880217,613.9193,30.852657
201,169.0708094033875,-12.385949,-142.84927,-28.31372,-1.011055,234.25745,-24.075666,-3.5120249,613.1134,52.116127
202,168.47454840299736,-12.347298,-142.18196,-31.408287,0.12393575,237.50264,-39.197853,-10.351414,621.08673,27.279415
203,168.4230607294865,-11.771633,-142.6543,-28.831259,7.1585674,235.26935,-28.452593,4.0120783,615.6035,46.499203
204,168.32434998182785,-13.892958,-142.95763,-31.417295,-3.3394153,235.9264,-40.166664,-15.909107,618.49854,26.144363
205,168.060092524161,-13.602258,-143.1174,-28.389004,2.8955042,234.40843,-25.670729,-5.485745,613.28314,53.15832
206,167.97868862208549,-15.078609,-142.42033,-30.393305,-3.6098902,236.7592,-36.942593,-16.317192,618.90533,33.748947
207,168.5067604288968,-12.534091,-142.09389,-28.38496,3.3015823,236.0665,-24.671448,-1.0217484,615.78455,53.61915
208,168.07497465258882,-12.614021,-142.23436,-31.03696,2.040821,237.01375,-39.38748,-9.185134,620.0008,28.29484
209,167.88418185586096,-14.336906,-142.22408,-28.410992,4.055804,235.54126,-26.911263,-3.3055637,614.81244,51.700676
210,167.86688098669333,-14.595412,-142.88283,-30.368647,-1.3330625,235.25755,-36.667744,-13.791023,616.23315,34.313686
211,167.50135743684456,-14.443703,-142.19698,-28.511501,4.8219895,234.57562,-27.556322,-5.9024634,612.5009,51.41344
212,167.79674262788012,-13.394376,-142.80653,-29.831566,3.1347666,234.59482,-33.799194,-8.2954855,614.48895,39.069412
213,167.74650231766643,-13.45577,-142.89606,-27.824583,4.0336523,233.33176,-24.137243,-8.225709,610.43,55.802376
214,167.47811857196723,-13.833768,-142.81772,-28.91482,4.2084174,234.07564,-29.056795,-8.926382,612.3669,48.546055
215,167.66756923652318,-13.271313,-142.51704,-28.39662,7.4142237,234.34485,-26.111324,-3.1979606,612.4829,52.52086
216,168.10264033382194,-15.277654,-143.42682,-28.670256,-3.2688584,233.8846,-27.230145,-14.203019,612.5332,50.554863
217,167.6295233752989,-12.145887,-143.2718,-27.909658,9.231832,233.60931,-25.699177,0.35409814,611.96515,53.61426
218,167.89220562058844,-14.16651,-142.96964,-28.968767,-0.34811908,234.58421,-29.315104,-13.263841,613.82904,46.98086
219,167.8380584421695,-14.157494,-142.6113,-27.643744,1.5967712,235.01845,-24.499943,-8.904068,613.6467,55.87398
220,168.0455911787794,-12.817909,-142.30528,-30.32001,3.90636,236.36479,-34.709652,-6.684011,617.9852,36.509533
221,167.2836101523309,-12.586376,-142.67317,-27.970385,8.617327,233.55357,-22.508469,-5.115891,610.0973,60.3596
222,167.82738029517586,-15.34077,-142.42363,-29.894718,-0.18461049,235.98062,-37.168068,-11.279716,617.4754,32.997253
223,167.09033458183978,-12.782709,-142.30234,-29.21603,9.771642,234.28143,-30.69193,-4.432436,612.6034,45.891674
224,168.00901124690577,-12.376008,-142.8258,-30.309473,3.0129747,235.09985,-36.69606,-9.172408,616.2683,32.509266
225,167.0128187649493,-12.563845,-142.34645,-29.513012,10.545079,234.39694,-32.954964,-3.3906698,613.34845,42.158066
226,168.12069337757194,-13.573483,-141.8403,-30.509619,3.8699098,237.64328,-39.478275,-3.3689756,621.1705,27.725637
227,167.79646856653966,-13.556626,-142.18747,-29.782776,4.9561243,235.87358,-34.03952,-5.85621,616.6432,38.186745
228,168.78133403353132,-15.890741,-141.59096,-29.438847,-1.3247821,238.28316,-34.52852,-3.197197,621.7671,34.318485
229,167.54772502979884,-14.243816,-142.79706,-28.478512,3.157651,234.248,-28.303997,-8.618271,612.66187,49.946518
230,167.8990622767415,-12.5821905,-142.25546,-30.48932,3.8516092,235.99432,-35.876213,-7.5727124,617.1852,35.08083
231,167.7900883160812,-12.32253,-142.96297,-29.34376,6.452879,233.70552,-31.376162,-4.4782476,612.607,42.649143
232,168.65158178364223,-14.025839,-143.11887,-30.141495,-6.169444,235.1228,-34.717407,-17.535402,616.4563,34.498234
233,168.2021946098431,-12.736127,-142.21922,-28.221014,5.7520175,235.06075,-27.10455,-1.331482,614.39734,48.855442
234,168.58426685427716,-12.81366,-142.40283,-29.712275,0.8367505,235.43509,-31.932924,-7.3310623,616.03955,39.296673
235,168.560979324302,-12.447786,-142.21553,-27.687584,2.442019,235.2061,-23.850883,-4.0184894,614.2797,53.7019
236,168.85936296838318,-11.405363,-141.94545,-29.498379,1.9584168,236.92276,-29.655418,-4.5913925,618.64874,42.54804
237,168.39581339734005,-12.0023985,-143.18845,-26.945177,1.522161,233.33331,-19.736488,-5.9359856,610.50287,62.246166
238,168.06912544933834,-12.40004,-142.78105,-29.808588,2.1371777,234.82852,-32.833763,-10.48233,615.0074,39.398567
239,168.25448909944967,-11.914114,-144.00545,-27.62328,1.5345579,232.20865,-22.977423,-7.739287,609.4882,56.833874
240,167.89810092761581,-11.016619,-143.12581,-30.22569,3.0246377,234.49979,-35.722725,-12.4972315,615.06525,34.34543
241,167.26468113681986,-11.5173855,-144.4664,-28.893518,4.482406,231.44527,-31.581398,-12.771833,609.09424,43.919937
242,168.0308439465877,-12.135216,-142.98927,-30.693962,0.7811952,234.97678,-39.099453,-13.23287,616.456,28.159847
243,167.3659591818328,-11.42434,-144.16335,-27.867794,5.986241,231.35188,-25.6386,-9.311457,607.7572,54.20194
244,168.0712069494879,-11.73706,-143.75043,-29.61875,0.45918766,233.00339,-33.257412,-13.470659,612.2255,38.499027
245,167.13636408043013,-10.374808,-144.30634,-28.897217,7.4897876,230.90309,-28.810472,-10.336532,607.1951,49.124226
246,167.81431670461455,-11.194578,-143.15483,-30.117687,5.7791815,233.61057,-35.939213,-8.141027,613.33154,33.642353
247,167.09047203939681,-10.1445,-144.5813,-29.184887,8.949472,230.56935,-30.40706,-8.991228,607.2207,45.92354
248,167.8577208492427,-12.595613,-143.17503,-29.526697,1.741441,234.52066,-33.478333,-11.344375,614.6659,39.234257
249,167.86878234060353,-11.573053,-143.48634,-27.528599,6.2680783,232.81532,-22.625938,-3.6449711,609.98236,58.477715
250,168.21962866769957,-11.520347,-142.62415,-29.712765,4.6921577,235.29488,-33.644314,-4.9458203,616.2493,37.16243
251,168.487751158663,-11.614297,-143.55388,-27.513306,5.5053477,232.99635,-23.752821,1.8023272,611.2491,54.218895
252,168.31520691985014,-7.843047,-142.47186,-30.125399,13.100558,236.15189,-33.82414,5.563939,618.52454,35.792683
253,168.54404728534954,-11.525823,-142.92252,-28.244648,4.804624,235.08148,-28.860527,-0.22021122,615.8946,44.504326
254,167.67823884578038,-8.54064,-142.77716,-30.841509,14.067756,234.73857,-39.82008,1.6594678,616.5585,26.028786
255,167.95873337065166,-9.676246,-143.34285,-28.518066,9.859343,233.4638,-25.325174,-0.520682,611.9364,52.746086
256,166.3309865933163,-14.734476,-145.40714,-30.297396,-3.0243974,228.2627,-52.005722,-26.175116,606.1157,9.874567
257,166.58908407412545,-14.611825,-145.85182,-28.461046,-2.828123,226.71672,-39.209934,-24.241598,601.22595,32.136993
258,167.91777784884096,-13.842668,-144.0492,-29.52185,-3.4717965,231.145,-41.308636,-17.216759,610.04425,23.638807
259,167.74795031777046,-13.62551,-144.63966,-28.720736,-2.1661716,230.11096,-33.174774,-16.065538,606.8761,39.79299
260,168.53557358191048,-14.026981,-143.56091,-29.27848,-6.013024,233.12083,-35.39507,-16.46196,612.9126,32.910583
261,168.2521745190947,-11.49623,-143.40926,-28.339432,4.079342,232.5133,-27.768497,-4.7254953,610.34064,47.354275
262,168.5940195106383,-12.110991,-143.21402,-29.231129,-1.43125,234.30464,-31.056725,-11.92382,614.40924,40.625694
263,167.7971302411155,-10.834155,-144.01651,-28.829115,4.920501,230.56303,-26.902119,-9.690752,606.1644,50.227016
264,168.03351198923224,-11.139184,-143.58917,-28.370453,3.1080275,231.79797,-23.04683,-10.222487,607.78766,57.114616
265,167.46845043919708,-11.053819,-144.11057,-28.53465,5.372151,230.50574,-27.240633,-10.495774,605.93353,50.804756
266,167.64376688103934,-10.355194,-143.25577,-28.988396,6.1749835,233.15048,-26.570547,-9.603215,610.60284,51.819454
267,167.4385965361086,-10.066257,-143.60335,-27.548475,9.37996,230.87941,-19.772566,-4.8355126,605.0855,64.39069
268,167.86454164690258,-11.532312,-143.36485,-27.796902,3.2600799,232.01033,-18.12476,-10.318309,606.92584,67.29446
269,167.87586951564106,-13.639777,-143.88306,-27.35272,-1.2052916,232.03065,-22.08717,-14.303146,608.15265,59.94558
270,167.65155756556138,-11.269039,-143.3279,-29.044739,3.6743805,232.66472,-25.955353,-12.186199,609.3421,53.556503
271,167.90173458825424,-13.316463,-143.15111,-27.874186,1.2584412,233.48886,-24.328396,-9.384087,610.9164,56.09651
272,167.95755516301983,-10.356685,-142.37129,-29.625933,8.477946,235.36732,-27.868956,-2.3207626,614.83496,49.05366
273,167.79554734477534,-13.58831,-143.63937,-27.992458,-0.30155665,232.68242,-23.510672,-13.733217,609.3968,57.998665
274,168.03527503181175,-10.429071,-142.2928,-29.524338,7.4793825,236.06189,-28.09179,-2.5538075,616.323,48.76622
275,167.4109274397809,-12.629931,-143.07686,-28.337692,4.6151223,233.46254,-23.70752,-9.54483,610.2573,58.97733
276,168.0615123497347,-12.4173,-142.6697,-28.584618,3.198011,234.24527,-25.215813,-7.0318727,612.30273,53.775974
277,167.375361790999,-10.696167,-144.05226,-28.58193,6.3278255,231.42897,-24.089111,-9.923071,607.19147,57.6674
278,167.87417904382147,-12.030902,-142.52164,-29.227524,4.135559,235.22667,-29.33936,-8.075107,614.70496,46.760822
279,167.69789015379615,-10.914596,-143.45854,-28.212578,5.6070714,232.98055,-23.582638,-7.2875524,610.05054,57.84288
280,168.5474521346508,-11.018419,-141.52043,-29.746563,4.426787,238.42953,-30.418346,-3.411267,621.0912,42.66025
281,167.86509403845173,-10.692743,-142.80775,-28.430628,9.424309,234.7895,-23.044455,-0.67540073,613.43555,57.946964
282,168.070909836259,-9.393516,-142.57176,-30.746073,6.642189,236.08896,-34.938457,-6.8255606,617.82153,35.479084
283,168.30430166906658,-11.576488,-142.76917,-27.716825,4.9384775,234.78423,-23.604073,-2.40436,613.74396,55.27132
284,168.58642348650758,-10.43379,-141.98116,-30.313078,5.7807055,237.88145,-35.523792,-1.5816596,621.54175,32.621143
285,168.65316126488779,-11.862973,-143.224,-28.197763,2.1452653,235.14273,-26.232237,-2.014771,615.60596,49.874924
286,168.3317769587766,-11.750714,-141.84857,-30.431406,1.568324,238.10065,-36.61061,-9.459024,621.5574,32.106216
287,168.73416047825498,-11.702876,-143.06238,-27.478596,1.984246,234.72552,-22.772837,-2.073206,614.11523,55.513428
288,168.3319801569044,-11.491808,-142.35516,-30.170841,1.7065471,236.95488,-35.28704,-9.440049,619.52655,34.352596
289,168.5680417399038,-10.154877,-142.86649,-27.96191,6.548266,234.49124,-23.51764,2.1755416,613.42255,54.665104
290,168.0642700386121,-11.603117,-143.37514,-29.618898,3.204696,235.13914,-31.966902,-7.8645964,616.20715,41.66675
291,168.4987417868112,-12.791881,-142.96046,-28.048595,-2.7120645,235.41663,-25.504438,-12.864625,615.40857,51.685974
292,167.93972580796515,-12.500684,-143.00244,-29.813828,2.9841485,235.25429,-32.01757,-8.226264,615.8875,42.289585
293,168.2601274206095,-11.458174,-142.84787,-28.25541,3.8752136,235.4353,-25.213007,-4.2966566,615.3618,53.191895
294,167.70755828656633,-12.029516,-142.71822,-30.152754,5.964473,236.01027,-34.250008,-5.504953,617.5401,38.925377
295,168.65541778863482,-11.982414,-142.38995,-27.858685,1.8312782,235.94223,-24.481115,-4.056744,616.04095,52.60754
296,168.10114964503558,-13.882348,-142.79301,-30.228367,-1.0182271,236.19466,-35.555088,-12.423474,618.179,35.446846
297,168.4930232109286,-11.209791,-143.40448,-28.122566,-1.2084786,233.6196,-22.919527,-13.033947,611.6491,56.218887
298,168.19603207166446,-13.01516,-143.26169,-29.268185,-2.2807717,235.17467,-31.900055,-14.919916,616.0192,41.295235
299,168.8455856230536,-10.83463,-143.18117,-26.392323,3.579447,233.32028,-14.120679,0.65371025,609.902,70.81518
300,168.46761149212156,-11.248254,-142.61208,-29.699518,1.2342688,235.95508,-30.663319,-9.117693,616.979,42.506145
301,168.10043759781462,-11.959272,-143.39644,-28.081928,1.0812217,233.17589,-23.651335,-11.530493,610.6038,56.117916
302,168.24057258901576,-10.777553,-141.74683,-29.176971,5.787812,237.24765,-27.79472,-4.3641405,618.3535,48.151096
303,168.047421669477,-11.291558,-142.78952,-27.792929,8.545365,234.5691,-22.686539,1.2346692,613.15094,57.852043
304,168.29342373903967,-10.790026,-141.65443,-29.292877,5.793282,236.72066,-28.79206,-4.18574,617.2495,45.771114
305,167.76958152687192,-9.286538,-142.57729,-28.467789,14.528227,234.81323,-24.605034,5.3377876,613.87573,54.357826
306,168.2914378615385,-10.140423,-141.80046,-29.48215,7.313397,236.93665,-26.073738,-2.6424098,617.3773,51.210102
307,167.52971467473117,-8.556529,-141.75694,-28.57389,18.134157,235.29636,-22.148994,8.176165,613.43994,59.359028
308,168.44892153323147,-11.640408,-141.18326,-29.178478,5.471425,238.12538,-26.105362,-0.7865317,619.23004,51.24784
309,167.51250259802273,-9.258311,-142.24068,-28.523272,16.234182,234.19788,-22.529243,6.2482095,611.5367,59.052235
310,168.28077337492317,-12.439335,-141.10413,-28.783142,6.3199987,238.19955,-26.883919,0.50177985,619.4451,50.08653
311,167.6622459578388,-11.485426,-142.5043,-28.489405,8.885202,234.50996,-24.8007,-2.6046765,612.43445,55.06096
312,168.14871337486827,-12.4091835,-141.55194,-28.459435,5.3024135,237.53758,-24.010138,-2.4824011,617.8656,56.092598
313,167.4392402814379,-10.337878,-142.99402,-29.030382,9.740939,233.74503,-27.143534,-4.7574024,611.6585,51.28486
314,167.9596827669463,-12.260857,-142.49301,-29.10157,4.53969,235.80577,-28.808592,-6.1516705,615.86914,47.547848
315,167.8834168746739,-10.850048,-143.08276,-28.378445,7.823469,234.01915,-23.786375,-3.721837,611.98914,56.087837
316,168.14340973297774,-11.840894,-142.17421,-28.600668,3.1280835,236.42226,-23.939083,-8.082802,616.01416,56.038467
317,167.62488567685247,-11.013681,-142.77312,-28.29002,8.195539,234.05238,-20.557858,-5.987346,610.8529,62.90521
318,168.06106667989138,-12.113267,-142.31325,-28.030724,2.6140325,235.24246,-21.295782,-9.870637,613.2182,60.7274
319,167.7304214910393,-10.3939905,-143.42409,-29.136904,7.963744,233.21092,-24.540842,-6.7410207,610.6162,55.123173
320,166.29686467577022,-14.172327,-145.14642,-28.652422,-0.45452082,228.34923,-38.29689,-24.346716,603.2027,34.541153
321,166.47298964125545,-13.072336,-145.47679,-28.599638,4.8942223,226.65619,-31.83056,-16.845123,599.2737,44.75541
322,168.01493045959523,-14.702361,-143.8059,-28.626316,-5.328049,231.22307,-30.267778,-19.455465,607.56055,44.25803
323,168.1608087861147,-12.524429,-144.22,-28.009302,0.8501215,229.5286,-20.942444,-12.116719,603.12634,60.046837
324,168.01803904944123,-12.138127,-142.59283,-29.14041,4.285777,233.33502,-26.245415,-7.424794,610.18933,51.44708
325,168.0922413708106,-11.752273,-143.48859,-28.045479,4.624555,231.8754,-21.234982,-6.223837,607.4678,60.083622
326,168.52679678882703,-13.7078,-140.92552,-29.131973,0.24368334,237.52338,-26.777773,-7.7352805,617.4762,49.48525
327,168.00753251095045,-11.463098,-142.37617,-28.524958,5.742291,234.2932,-20.399544,-6.966153,610.98254,62.10475
328,168.32743808110635,-12.718999,-140.99126,-29.18122,3.6372132,237.65096,-25.438213,-5.081432,617.54443,52.673653
329,168.6153143329231,-12.631488,-141.88272,-28.197037,1.4041001,236.22987,-20.344414,-7.2455797,614.9636,60.539825
330,168.5567616824895,-13.395144,-140.76248,-28.443743,1.1759279,238.40877,-22.908476,-5.7031198,618.63153,56.667767
331,168.3753390515293,-11.804441,-141.84837,-28.962406,4.686934,236.36926,-23.560013,-5.030751,615.6618,55.40194
332,168.27151249218227,-13.570816,-140.48776,-28.206865,1.4686985,238.8,-21.739485,-7.927928,618.69006,59.86361
333,168.49394699401384,-13.12811,-141.38345,-27.874573,3.2019756,236.90439,-19.581347,-3.3716652,615.7187,62.580147
334,168.28551523375444,-11.928282,-141.03796,-29.401663,7.029124,237.50789,-27.501974,0.12808107,617.88025,48.79581
335,168.6254742393135,-13.514827,-141.44316,-28.60744,0.31403917,237.4012,-23.317537,-7.418854,617.41547,55.432022
336,168.2386626973691,-13.714728,-141.3245,-28.5097,4.275266,236.99574,-25.222813,-1.7407854,616.6253,53.354702
337,168.40559678955245,-13.078271,-141.2261,-28.048662,5.383,237.17671,-19.760653,-0.1547113,616.1356,62.70045
338,167.91513541940583,-12.698471,-141.53166,-28.953762,6.669987,236.52339,-27.588743,-2.0972266,616.16205,49.86582
339,168.49244093730186,-13.597671,-141.06425,-28.457497,3.419945,237.99634,-22.036158,-3.664352,618.0457,58.04078
340,168.4719682990384,-14.651394,-140.09935,-29.129478,0.30359626,239.66122,-26.778267,-6.841948,621.00964,50.116936
341,168.15022711554306,-14.796301,-141.21133,-28.466345,4.058741,237.72527,-24.688606,-1.4149156,617.7895,55.033493
342,168.07990092652767,-14.797983,-140.60712,-28.582575,2.729075,238.54056,-26.107323,-4.173096,618.9948,52.819622
343,167.92171118402925,-13.0299635,-141.34366,-28.696625,8.575539,236.79625,-24.713404,0.8602217,616.0978,54.889668
344,168.18895599568432,-13.198443,-140.45183,-28.578575,7.567353,238.51569,-24.770481,2.0080023,618.9568,54.07762
345,167.81399312440263,-11.8302765,-141.49481,-29.91308,12.308027,236.94843,-31.52366,4.915118,617.95435,42.455105
346,168.11545206115758,-12.906925,-140.45555,-30.559841,7.9862456,238.95079,-34.19287,0.40254557,621.313,36.998905
347,167.81221386012382,-15.353249,-141.06438,-28.542904,1.4740173,237.63594,-26.014553,-8.741684,617.2695,53.84626
348,167.64308130080138,-13.578215,-140.88617,-30.791792,8.459793,238.53181,-35.85655,-0.5132295,620.7881,36.30685
349,167.36116609658276,-14.179118,-141.45914,-29.2603,7.9109573,236.43796,-26.90064,-3.2387712,615.2558,53.431698
350,167.63102260182174,-13.667443,-141.39551,-30.298748,7.165263,237.79399,-35.611362,-1.4482495,619.81177,36.962536
351,166.97147392235593,-12.965055,-140.92595,-30.033997,16.94651,237.97789,-36.50046,10.2551,620.2643,36.729397
352,167.24564027696115,-12.414351,-141.02832,-32.48723,13.1457205,238.829,-46.686413,2.5352983,623.6074,17.139404
353,167.40766858577314,-11.7288685,-141.50453,-30.198503,19.53035,236.79758,-35.88112,15.28381,618.85724,35.278614
354,167.45646260343008,-11.66495,-141.42941,-32.55272,16.529911,238.63995,-48.24787,10.177661,624.4662,13.3600235
355,167.0792261329284,-12.46136,-141.83966,-30.346407,19.702349,236.79794,-40.577595,14.92104,620.01184,27.883755
356,165.9964994230561,-15.295693,-140.86595,-30.73882,20.752691,237.56755,-44.87063,14.532396,620.7165,25.155336
357,166.30775370485452,-13.878688,-141.31621,-30.674828,25.93234,235.89453,-42.066486,20.741964,618.13947,26.580498
358,165.38509418572875,-16.857445,-140.65123,-30.351254,25.479515,236.68832,-44.084564,21.560947,618.6727,28.668344
359,166.03850594022532,-16.120237,-140.37746,-30.108318,23.52125,238.07886,-40.29969,18.43666,620.8795,32.116558
360,166.05211423837292,-17.89607,-139.83473,-30.533884,18.593077,239.56035,-45.373203,15.104473,623.72015,24.916008
361,165.5718776614138,-19.225185,-140.61707,-30.12584,27.74321,237.51366,-48.607594,31.553991,622.06934,19.974459
362,165.45770763434246,-22.77963,-139.69325,-30.023453,28.434391,239.89821,-54.210342,38.83204,627.6324,11.226043
363,164.43440869289114,-23.68494,-140.15063,-30.336645,39.509193,238.00107,-61.408012,52.67982,627.35986,0.23796037
364,163.90158392819114,-24.931313,-139.28879,-29.468704,44.033684,237.74599,-67.44596,58.148895,628.51154,-11.444371
365,163.47854079402077,-28.34059,-141.53586,-28.850615,48.196823,233.05219,-75.58578,71.8956,624.17896,-24.323256
366,162.30014020934954,-30.150398,-141.16824,-28.94326,51.449047,232.8914,-82.68382,74.16905,625.805,-32.48661
367,161.4677416401055,-32.707733,-140.02585,-26.47747,57.366558,232.92616,-84.93663,86.49362,627.03406,-33.927433
368,157.4005484044705,-32.011482,-140.9463,-26.75588,78.35412,224.12398,-94.49272,98.92018,617.47394,-40.18692
369,154.6658738494862,-33.667053,-141.77995,-23.643396,87.65749,217.92384,-97.08828,105.66741,609.8276,-36.683445
370,152.73810930531076,-35.97206,-142.57451,-23.709312,84.31019,218.32458,-99.25538,91.41807,610.72626,-31.170954
371,154.17497620100633,-38.563595,-144.0087,-20.825441,79.74082,217.37585,-94.805336,100.991875,608.64514,-25.282349
372,153.44087429920253,-39.976593,-142.85806,-18.341974,82.86398,218.17114,-87.19105,102.94347,608.11743,-10.222554
373,153.35213648150574,-42.8133,-144.11453,-17.208338,83.96219,211.97556,-97.619644,115.27854,601.4732,-28.155132
374,153.48399157588554,-43.79658,-143.70305,-14.516772,76.19137,215.14088,-81.86677,103.17391,599.7829,1.3890117
375,149.97194416315813,-43.030342,-143.54622,-14.38724,88.4108,209.33713,-87.82257,108.72234,591.65686,4.408285
376,147.89597988191903,-42.558292,-141.31134,-15.682824,100.44462,208.45616,-93.47007,112.98227,593.58594,-2.28253
377,144.82504145371666,-40.98303,-142.23152,-14.795421,110.11698,202.58939,-89.581116,109.02345,583.68774,11.402659
378,146.26067550026707,-46.387165,-143.22012,-13.597559,81.25005,212.66426,-93.092545,81.01755,595.29364,13.849087
379,148.6379706522142,-49.46383,-144.48932,-11.8758135,62.54522,213.40077,-100.40939,77.75151,596.8224,-2.736792
380,143.55680168334493,-49.721836,-143.59117,-9.377669,66.63981,213.16643,-94.93967,64.12999,587.5362,32.04961
381,147.87901369202072,-49.89983,-145.20547,-9.773355,71.472176,208.03944,-98.99784,92.97069,589.1367,0.8430779
382,147.3879913925885,-48.168583,-146.01434,-12.938128,93.91299,201.45808,-99.66784,110.065865,587.1792,-10.514193
383,147.1534324512065,-47.66976,-146.18549,-11.824489,97.10537,201.27519,-93.88371,111.694664,586.31006,-1.057066
384,140.87759167951575,-48.931496,-151.89468,-12.592398,112.06173,171.7992,-128.282,117.577065,553.63605,-46.382603
385,139.0256712634314,-50.935043,-152.01215,-11.208279,126.28992,157.7441,-139.93317,145.098,539.63214,-62.94676
386,140.26819537157803,-50.17488,-152.65038,-10.674309,126.488434,161.43588,-127.4683,145.14024,542.0394,-47.122524
387,139.01004379061044,-44.005035,-148.83351,-12.36173,154.93246,157.80067,-114.0205,169.8337,539.0279,-33.416615
388,136.7113743612939,-42.965496,-147.79478,-14.431461,176.19017,146.81769,-112.74403,189.5569,529.4855,-35.5405
389,135.93920781524562,-44.811398,-147.04742,-9.996289,176.963,148.48422,-101.22943,192.54128,527.8063,-7.1223154
390,134.20480080383135,-43.92598,-146.8367,-9.969889,190.84427,137.42255,-103.52707,212.20255,515.8346,-8.078091
391,131.51743213903856,-41.98392,-146.35266,-12.757082,210.84372,122.97389,-106.63965,232.09671,502.94156,-13.62326
392,127.44729850696588,-44.45611,-148.72884,-14.858918,213.40283,101.71776,-142.20465,233.05426,485.0403,-62.382942
393,124.2288416530696,-48.4765,-150.83936,-13.336969,206.67943,87.28451,-168.32605,223.63263,472.3745,-93.078606
394,121.11404999530116,-47.38406,-150.07207,-12.424741,220.57292,67.156685,-173.81245,244.21439,450.4336,-96.34976
395,121.46635115269041,-48.456715,-150.50682,-14.773369,215.14618,68.469894,-180.54115,234.46234,453.1036,-110.88012
396,121.21472698366715,-51.404587,-152.73483,-16.290161,202.33878,54.195374,-211.29874,230.37074,441.8949,-160.45726
397,120.22506672387814,-49.94959,-153.80373,-17.34372,211.19899,52.262245,-197.82849,231.06549,436.2916,-140.95975
398,121.1512130545752,-47.324646,-150.9223,-17.997665,223.86702,54.900616,-189.3158,254.52998,440.39453,-128.20082
399,120.01034606694046,-45.996094,-150.58673,-14.009863,223.43965,57.490036,-176.31703,252.9659,434.62726,-93.79466
400,122.10347802865837,-43.451546,-151.65942,-16.445877,230.81863,53.287895,-174.30421,272.98526,431.3389,-101.75625
401,118.5253468281638,-43.607353,-154.48123,-18.81859,232.90872,33.71933,-189.07593,267.97784,411.19772,-120.44153
402,120.0530005983072,-41.435562,-153.54294,-18.970732,247.33984,19.256248,-186.46658,306.16235,396.39093,-129.69505
403,110.1382023764683,-35.852074,-154.7198,-24.144775,275.69547,-26.657299,-189.38937,309.18747,353.015,-133.17116
404,114.08389337695795,-37.141384,-155.6908,-24.725622,266.926,-28.574913,-202.16792,331.5213,346.79736,-153.14261
405,112.58800681664428,-36.715523,-153.7751,-26.581627,248.4849,-61.98752,-251.93683,331.88885,313.7294,-239.40733
406,107.64492378222518,-35.270035,-155.10294,-24.16961,258.34457,-55.795944,-230.9844,312.49802,320.00262,-182.67873
407,105.04594118038695,-29.056639,-152.91069,-26.943075,284.2793,-64.80352,-214.0616,333.77963,313.14676,-154.18274
408,101.6985815813796,-27.78303,-153.12679,-24.10685,289.0248,-66.256454,-204.98999,327.81973,307.37103,-119.54586
409,108.20290242609103,-29.75253,-153.78561,-24.068384,272.37344,-59.931145,-224.52957,349.85614,310.9737,-158.56981
410,105.02051921629617,-27.340538,-151.35696,-21.322618,281.76526,-55.55813,-213.51482,343.29175,315.68808,-125.64087
411,109.04078905233318,-28.353453,-150.43918,-22.382402,269.20258,-39.288,-224.52303,344.6919,331.33444,-144.52434
412,110.88302767526902,-28.125458,-148.82938,-16.492992,261.00613,-6.9474726,-206.53117,329.65393,355.2212,-100.70167
413,111.18661592349774,-29.747532,-150.3456,-19.139805,251.01624,-25.653593,-229.22977,328.64447,339.71518,-152.74023
414,113.04422247206611,-28.752062,-148.64822,-18.305595,255.77795,2.8339477,-205.71677,316.3758,369.09497,-115.25111
415,109.57816784566228,-25.364372,-146.84471,-24.425083,264.87796,-26.81271,-229.35913,326.62863,345.74323,-159.22781
416,113.13762530896604,-24.824177,-146.78987,-22.928028,257.6406,-16.291603,-230.32738,335.80798,352.5613,-163.11685
417,101.87260114105318,-20.68713,-143.97937,-26.29111,281.38602,-41.814266,-233.0399,319.21448,334.5166,-139.182
418,106.18230707335866,-21.035292,-144.60414,-25.916693,281.92432,-26.97716,-225.02397,329.1726,351.39853,-138.22614
419,102.48744793994855,-17.604065,-143.63391,-22.7134,285.59012,-16.610012,-209.55334,309.61172,351.90527,-89.90429
420,101.81291894808561,-15.653622,-143.16571,-20.15913,292.87796,-27.191334,-202.42581,325.02658,338.0912,-79.227936
421,100.00429851624457,-15.600069,-141.07683,-20.584528,291.8004,-37.68427,-216.69774,331.3888,328.62476,-92.10273
422,100.76078977814767,-21.19289,-145.16347,-14.954455,252.82887,13.634101,-209.01212,261.6676,359.49133,-49.641922
423,100.10612980658028,-17.720304,-143.45128,-20.790916,267.73532,-28.555698,-236.88377,299.4461,337.58456,-118.23305
424,100.22813747572422,-14.9994,-140.55067,-21.221275,279.10767,-34.955063,-237.68121,316.31903,338.00238,-127.04669
425,97.35099541993722,-12.356896,-140.072,-23.144768,287.0027,-46.45776,-237.19646,312.66763,326.6431,-126.648056
426,96.38349912400491,-8.58985,-137.30711,-21.159,299.73105,-45.277985,-226.14496,319.65347,328.48077,-109.50407
427,85.86710467026047,-6.917225,-139.2343,-20.54855,298.0051,-36.24811,-217.63892,247.16917,314.1713,-59.675365
428,95.9062123349936,-3.4009256,-141.04155,-21.091003,320.20352,-44.287743,-190.76941,325.85413,321.48993,-60.43814
429,96.07003442223636,-0.35071,-138.5755,-22.520622,332.77078,-44.031776,-181.82008,335.17596,326.62112,-55.860252
430,98.50058455914207,-1.3509989,-137.92729,-21.778633,331.79785,-35.90891,-180.08336,341.77264,338.01562,-58.654255
431,96.73823865892787,-2.2404175,-139.33998,-22.05198,327.8527,-55.894756,-190.09813,355.92,309.41992,-56.915604
432,98.80126997697354,-3.7364438,-138.47632,-21.005907,317.14398,-20.937555,-188.42667,326.83636,344.01108,-49.485752
433,90.97010292371708,-5.1490154,-140.47903,-23.300034,305.15234,-25.74081,-199.94742,274.99203,322.8635,-40.322186
434,97.70964865325459,0.65330696,-140.8753,-29.573427,320.06802,-43.809353,-203.80344,336.05215,322.24164,-82.4778
435,103.25860361799967,2.1834428,-140.25053,-28.04907,324.95767,-28.241032,-186.9604,357.70532,338.86273,-71.693855
436,104.73751715822586,1.9999975,-141.4511,-30.19435,327.58994,-34.10437,-185.61487,367.22455,335.44363,-84.63332
437,103.09259587022251,3.138259,-141.73415,-35.847874,322.95953,-44.31039,-213.8042,358.35056,332.56543,-130.71587
438,106.95794335550531,2.0989923,-143.83014,-34.980034,316.73947,-31.874523,-207.00769,363.83264,340.2022,-123.46174
439,101.69384826028477,6.912332,-139.89723,-37.06143,335.24323,-47.482887,-206.22229,360.21216,333.2843,-127.48054
440,102.87288234500154,7.0141945,-141.2967,-37.303852,337.15695,-51.15599,-203.03958,371.14905,329.2673,-127.43619
441,102.25516686665476,5.8661604,-140.17477,-40.492126,326.1227,-48.791454,-229.97746,358.3643,336.02155,-158.47276
442,102.73969365618629,5.4875875,-142.98558,-41.03921,324.09406,-60.114025,-232.53697,367.64905,321.88498,-165.8957
443,103.04332971573922,6.7860036,-141.62834,-41.582638,327.0257,-56.61218,-233.29005,368.35767,328.25177,-170.30138
444,106.0219683825926,5.078677,-141.65428,-40.87334,317.90576,-53.396046,-241.15854,381.6628,327.49356,-179.49266
445,108.40852527105427,4.239442,-141.356,-38.039497,313.6277,-32.21114,-230.86726,378.84665,344.41418,-155.80757
446,108.49031678636517,5.761506,-141.57239,-37.065067,320.76443,-25.548496,-214.49852,376.55615,350.5252,-133.36864
447,105.77724270463105,5.55747,-140.2762,-37.418392,322.21637,-33.055565,-222.21812,369.98788,346.26913,-140.0593
448,102.4954119405208,3.8974545,-143.1742,-36.968433,313.71387,-40.55529,-225.94157,341.44226,335.08133,-143.02896
449,102.20065512688889,5.06399,-142.65091,-37.605255,316.93375,-42.132298,-225.46684,345.77463,333.78714,-140.64648
450,104.55952242845532,6.1741343,-143.0271,-36.83133,321.18497,-35.803356,-217.13878,358.03558,340.5419,-133.33165
